tid,StartPositionX,StartPositionY,StartPositionZ,NextPositionX,NextPositionY,ScaleX,ScaleY,Colum
BP_SM_TemplateFloor3,361.737793,-130.000122,483.686157,1050,0,0.225,0.3,3
BP_SM_TemplateFloor6,361.737793,-490,483.686157,950,790,0.2,0.15,3
BP_SM_TemplateFloor9,211.737793,-610.000122,483.686157,1100,532,0.2,0.1,3
BP_SM_TemplateFloor12,211.737793,-610.000122,483.686157,800,532,0.15,0.1,4
BP_SM_TemplateFloor15,211.737793,-610.000122,483.686157,600,532,0.1,0.1,5
